{
    "val_mad": 3.3412930965423584,
    "val_mse": 40.72038650512695,
    "val_mape": 156.89795017242432,
    "val_msle": 2.039879560470581,
    "val_r2": -0.16082962162344971,
    "val_kappa": 0.09955806410332724,
    "train_mad": 4.883349418640137,
    "train_mse": 94.96556091308594,
    "train_mape": 190.0351643562317,
    "train_msle": 2.0002760887145996,
    "train_r2": -0.32120449148330477,
    "train_kappa": 0.38270354716333677
}