{
    "train_mad": 2.531407304524596,
    "train_mse": 32.929679079642575,
    "train_mape": 112.36766413918737,
    "train_msle": 1.2866126069318224,
    "train_r2": 0.10199459646455189,
    "train_kappa": 0.4115057091698764,
    "train_acc": 0.8967099785804749,
    "train_prec0": 0.900216281414032,
    "train_prec1": 0.15555556118488312,
    "train_rec0": 0.995581865310669,
    "train_rec1": 0.007321081589907408,
    "train_auroc": 0.7924608614661255,
    "train_auprc": 0.2774319467002311,
    "train_f1macro": 0.4797422260264969,
    "val_mad": 2.060943952532507,
    "val_mse": 49.42330507273135,
    "val_mape": 86.054912109435,
    "val_msle": 0.8662084222462935,
    "val_r2": 0.1994413139307557,
    "val_kappa": 0.591648442383417,
    "val_acc": 0.9058042168617249,
    "val_prec0": 0.9058042168617249,
    "val_prec1": NaN,
    "val_rec0": 1.0,
    "val_rec1": 0.0,
    "val_auroc": 0.8513854068140018,
    "val_auprc": 0.4272104977199921,
    "val_f1macro": 0.4752871243532822
}