{
    "val_mad": 3.4791619777679443,
    "val_mse": 41.9843635559082,
    "val_mape": 166.6177749633789,
    "val_msle": 2.2084500789642334,
    "val_r2": -0.19686210710330365,
    "val_kappa": 0.07848957010454438,
    "train_mad": 7.124731540679932,
    "train_mse": 292.92230224609375,
    "train_mape": 158.30641984939575,
    "train_msle": 1.9538935422897339,
    "train_r2": -3.0752696487159437,
    "train_kappa": 0.4508135696045845
}