{
    "train_mad": 2.367678087236099,
    "train_mse": 32.866564179697015,
    "train_mape": 95.43664807862491,
    "train_msle": 1.0463098153667776,
    "train_r2": 0.10372797654535959,
    "train_kappa": 0.5229074097685252,
    "val_mad": 1.95453482567236,
    "val_mse": 48.66619794621633,
    "val_mape": 64.27234733459082,
    "val_msle": 0.7121190381816873,
    "val_r2": 0.21170493502053467,
    "val_kappa": 0.6308200199789771
}