{
    "val_mad": 3.6037347316741943,
    "val_mse": 29.849308013916016,
    "val_mape": 117.86130666732788,
    "val_msle": 2.2337398529052734,
    "val_r2": -0.40842538795042893,
    "val_kappa": 0.09168491126538769,
    "train_mad": 7.183650016784668,
    "train_mse": 158.30067443847656,
    "train_mape": 95.2211320400238,
    "train_msle": 5.236298084259033,
    "train_r2": -0.4578666514900791,
    "train_kappa": 0.005226740333864721
}