{
    "train_mad": 2.6407020352075277,
    "train_mse": 34.19162818235188,
    "train_mape": 119.62945250842331,
    "train_msle": 1.4100813085751633,
    "train_r2": 0.06758709485435876,
    "train_kappa": 0.3528062383646897,
    "val_mad": 2.2762441598897145,
    "val_mse": 53.43784792264385,
    "val_mape": 87.40082962663269,
    "val_msle": 0.9899143995630758,
    "val_r2": 0.13441374961944386,
    "val_kappa": 0.49227097972618883
}