{
    "train_mad": 6.010082676431722,
    "train_mse": 147.5999997622973,
    "train_mape": 216.8991044603474,
    "train_msle": 2.7137816921837126,
    "train_r2": -0.8799091787900923,
    "train_kappa": 0.2324195980332403
}