{
    "train_mad": 2.6132297536386107,
    "train_mse": 31.474083260125532,
    "train_mape": 123.95908015780579,
    "train_msle": 1.4357576932185037,
    "train_r2": 0.1416859358712178,
    "train_kappa": 0.3463377044428627,
    "val_mad": 2.685093692073057,
    "val_mse": 58.31439217575051,
    "val_mape": 115.49887320774286,
    "val_msle": 1.4324048193750074,
    "val_r2": 0.0529863934332816,
    "val_kappa": 0.3194920959995706
}