{
    "train_mad": 1.9916073183160423,
    "train_mse": 14.928460250432726,
    "train_mape": 150.1852777989269,
    "train_msle": 2.0231231400631624,
    "train_r2": 0.5928544189768394,
    "train_kappa": 0.6093799750731272,
    "val_mad": 2.104146632511868,
    "val_mse": 45.51408361481035,
    "val_mape": 142.05663523156258,
    "val_msle": 1.526872527513166,
    "val_r2": 0.2620786627810503,
    "val_kappa": 0.6466561009627085
}