{
    "train_mad": 1.756100856679557,
    "train_mse": 25.86321262739955,
    "train_mape": 44.822914806658446,
    "train_msle": 0.3936572912071397,
    "train_r2": 0.2945985541006402,
    "train_kappa": 0.7384304756606348,
    "train_acc": 0.9095066785812378,
    "train_prec0": 0.913399875164032,
    "train_prec1": 0.7277262806892395,
    "train_rec0": 0.9936562776565552,
    "train_rec1": 0.1525246500968933,
    "train_auroc": 0.8719148918730579,
    "train_auprc": 0.5006060222513552,
    "train_f1macro": 0.602015750907304,
    "val_mad": 1.2926345455305368,
    "val_mse": 42.22683682698887,
    "val_mape": 27.356492466638393,
    "val_msle": 0.21273599889666828,
    "val_r2": 0.3153749032583295,
    "val_kappa": 0.8198504341026674,
    "val_acc": 0.9132834672927856,
    "val_prec0": 0.9136264324188232,
    "val_prec1": 0.8785714507102966,
    "val_rec0": 0.9986886978149414,
    "val_rec1": 0.09131403267383575,
    "val_auroc": 0.8752561487731316,
    "val_auprc": 0.5092012014191792,
    "val_f1macro": 0.5598497338706849
}