{
    "train_mad": 2.6882220214057293,
    "train_mse": 34.253832481672724,
    "train_mape": 124.93088611754122,
    "train_msle": 1.4956168262484089,
    "train_r2": 0.06589829570577654,
    "train_kappa": 0.31427053593602994,
    "val_mad": 2.2771534647814207,
    "val_mse": 52.448144958939054,
    "val_mape": 105.00507255853712,
    "val_msle": 1.0670414505052235,
    "val_r2": 0.1504449580353192,
    "val_kappa": 0.513354938842984
}