{
    "train_mad": 2.5600026783607976,
    "train_mse": 30.334155313959425,
    "train_mape": 120.27875240383392,
    "train_msle": 1.375591968492819,
    "train_r2": 0.1728906076542619,
    "train_kappa": 0.38316188594300604,
    "val_mad": 2.640096380743278,
    "val_mse": 57.15464978414166,
    "val_mape": 119.3543461453714,
    "val_msle": 1.4095026269490787,
    "val_r2": 0.0742089937812489,
    "val_kappa": 0.34548704818329834
}