{
    "train_mad": 2.5853688230142833,
    "train_mse": 33.70579900620013,
    "train_mape": 113.06908878315198,
    "train_msle": 1.3344539799650363,
    "train_r2": 0.08073150129602935,
    "train_kappa": 0.3805889722537026,
    "val_mad": 2.206190069037846,
    "val_mse": 54.15271762864583,
    "val_mape": 80.80875594591555,
    "val_msle": 0.8837498376002378,
    "val_r2": 0.12283429025901738,
    "val_kappa": 0.5160724664394667
}