{
    "train_mad": 5.306276826610265,
    "train_mse": 148.92107951411376,
    "train_mape": 132.53812268298378,
    "train_msle": 1.7667760541580222,
    "train_r2": -0.8967351269970916,
    "train_kappa": 0.4199746867095697,
    "val_mad": 3.3777575292874302,
    "val_mse": 37.89829579016657,
    "val_mape": 167.01993073303075,
    "val_msle": 2.075496947988721,
    "val_r2": -0.18793814685513777,
    "val_kappa": 0.11628527488780949
}