{
    "train_mad": 6.483954080106992,
    "train_mse": 134.30224904863363,
    "train_mape": 104.19364325695916,
    "train_msle": 3.441208702090584,
    "train_r2": -0.23685355138281694,
    "train_kappa": 0.13533219982103128,
    "val_mad": 3.1670918317876824,
    "val_mse": 22.501145398335172,
    "val_mape": 152.02883111413604,
    "val_msle": 2.046681222411935,
    "val_r2": -0.30644932925172763,
    "val_kappa": 0.03207447863001944
}