{
    "val_mad": 3.9260783195495605,
    "val_mse": 33.131595611572266,
    "val_mape": 151.34469270706177,
    "val_msle": 2.63262939453125,
    "val_r2": -0.5632985117873783,
    "val_kappa": -0.03887215335617333,
    "train_mad": 6.697184085845947,
    "train_mse": 138.2410125732422,
    "train_mape": 145.5156445503235,
    "train_msle": 3.187349796295166,
    "train_r2": -0.273127469529161,
    "train_kappa": 0.051262948649340556
}