{
    "val_mad": 3.6478404998779297,
    "val_mse": 40.68349838256836,
    "val_mape": 236.26391887664795,
    "val_msle": 2.184319496154785,
    "val_r2": -0.27524154135849366,
    "val_kappa": 0.11002312610398124,
    "train_mad": 5.445241451263428,
    "train_mse": 133.74122619628906,
    "train_mape": 169.8196530342102,
    "train_msle": 2.091060161590576,
    "train_r2": -0.7033969893233869,
    "train_kappa": 0.3109332703803951
}