{
    "train_mad": 2.878203896694765,
    "train_mse": 37.05583172711866,
    "train_mape": 142.38742250675773,
    "train_msle": 1.7627891417854404,
    "train_r2": -0.011591350320519167,
    "train_kappa": 0.2257077869263927
}