{
    "val_mad": 1.9693248271942139,
    "val_mse": 49.024600982666016,
    "val_mape": 57.142454385757446,
    "val_msle": 0.4954589903354645,
    "val_r2": 0.20589942629831937,
    "val_kappa": 0.6993219264083876,
    "train_mad": 1.9524823427200317,
    "train_mse": 26.593202590942383,
    "train_mape": 64.50119614601135,
    "train_msle": 0.6436021327972412,
    "train_r2": 0.2748207298008153,
    "train_kappa": 0.6644959798884433
}