{
    "train_mad": 2.699655667943774,
    "train_mse": 34.49507919071689,
    "train_mape": 124.96743494097848,
    "train_msle": 1.5006629164001912,
    "train_r2": 0.059231213441969244,
    "train_kappa": 0.31247182278541474,
    "train_acc": 0.8972289562225342,
    "train_prec0": 0.9044773578643799,
    "train_prec1": 0.4065708518028259,
    "train_rec0": 0.9904006123542786,
    "train_rec1": 0.05915745347738266,
    "train_auroc": 0.7917896130614364,
    "train_auprc": 0.29188325594057585,
    "train_f1macro": 0.5243886262782173,
    "val_mad": 2.298684458003139,
    "val_mse": 53.71513175297702,
    "val_mape": 96.37550124760959,
    "val_msle": 1.0286643672120002,
    "val_r2": 0.12992230618899925,
    "val_kappa": 0.48513214179642794,
    "val_acc": 0.9087412357330322,
    "val_prec0": 0.9086443781852722,
    "val_prec1": 0.9375,
    "val_rec0": 0.9997683763504028,
    "val_rec1": 0.03340757265686989,
    "val_auroc": 0.8464589956344366,
    "val_auprc": 0.42031014377193576,
    "val_f1macro": 0.5082735028546698
}