{
    "train_mad": 2.022697242519582,
    "train_mse": 27.274793719974504,
    "train_mape": 72.69749435577438,
    "train_msle": 0.7450512853969767,
    "train_r2": 0.2562667758117846,
    "train_kappa": 0.6288577893816165,
    "val_mad": 1.6936159932131551,
    "val_mse": 45.63348183689741,
    "val_mape": 49.89195696582346,
    "val_msle": 0.4564896706773363,
    "val_r2": 0.26082886997641297,
    "val_kappa": 0.7132281444472073
}