{
    "train_mad": 2.4687177232759336,
    "train_mse": 32.367111038034345,
    "train_mape": 104.35026977939674,
    "train_msle": 1.2004039176968693,
    "train_r2": 0.11722288484393606,
    "train_kappa": 0.4460949849260831,
    "val_mad": 1.9853037692176507,
    "val_mse": 49.78635306214381,
    "val_mape": 75.65179111563012,
    "val_msle": 0.7966438235215434,
    "val_r2": 0.1935606626680284,
    "val_kappa": 0.6083423794687832
}