{
    "train_mad": 1.7192619367634216,
    "train_mse": 25.455794970647748,
    "train_mape": 44.041199375844755,
    "train_msle": 0.38324248965010943,
    "train_r2": 0.3057035139055483,
    "train_kappa": 0.7447015647106145,
    "val_mad": 1.3219989623600283,
    "val_mse": 41.741152807646145,
    "val_mape": 29.833129111079877,
    "val_msle": 0.22148056972849292,
    "val_r2": 0.3232493142659727,
    "val_kappa": 0.8175448105098718
}