{
    "train_mad": 2.6382694788759093,
    "train_mse": 32.200998061156895,
    "train_mape": 124.4597781613657,
    "train_msle": 1.4546277032306958,
    "train_r2": 0.1213817143203405,
    "train_kappa": 0.3368949333642859,
    "val_mad": 2.6532435378064827,
    "val_mse": 57.54869861101587,
    "val_mape": 126.86354883194888,
    "val_msle": 1.441644767030253,
    "val_r2": 0.06782619095927422,
    "val_kappa": 0.3373556333494159
}