{
    "train_mad": 1.695631923913104,
    "train_mse": 24.457925922761593,
    "train_mape": 44.62210491024941,
    "train_msle": 0.38815388366769077,
    "train_r2": 0.33291602339179327,
    "train_kappa": 0.7434617000080004,
    "train_acc": 0.8999581336975098,
    "train_prec0": 0.9000194072723389,
    "train_prec1": 0.4444444477558136,
    "train_rec0": 0.9999169707298279,
    "train_rec1": 0.0005976393003948033,
    "train_auroc": 0.8677509234329708,
    "train_auprc": 0.4712560898086806,
    "train_f1macro": 0.47426779851842105,
    "val_mad": 1.285635483915372,
    "val_mse": 41.527895545465775,
    "val_mape": 28.928431302042224,
    "val_msle": 0.21124015191242695,
    "val_r2": 0.3267068612839815,
    "val_kappa": 0.8198013295649914,
    "val_acc": 0.9058765769004822,
    "val_prec0": 0.9058765769004822,
    "val_prec1": NaN,
    "val_rec0": 1.0,
    "val_rec1": 0.0,
    "val_auroc": 0.878511608985376,
    "val_auprc": 0.5250532938282646,
    "val_f1macro": 0.4753070577451879
}