{
    "val_mad": 3.597309112548828,
    "val_mse": 43.57261657714844,
    "val_mape": 215.2055025100708,
    "val_msle": 2.249149799346924,
    "val_r2": -0.2421389558578526,
    "val_kappa": 0.09559951393212496,
    "train_mad": 6.580930709838867,
    "train_mse": 236.75634765625,
    "train_mape": 164.4912838935852,
    "train_msle": 2.1555638313293457,
    "train_r2": -2.293863236168786,
    "train_kappa": 0.3528707329228793
}